sample	region	window_bp	intact_elements	intact_per_mbp	qc_warn	median_ltr_identity	identity_band	median_length_bp	coverage_pct	pct_with_both_tsd	dominant_superfamily	dominant_motif	note
anthyllis_vulneraria	277724:1-3000000	3000000	98	32.6667	0	0.99965	very_high	8558	27.4628	100	Gypsy	TGCA	
funaria_hygrometrica	336944:1-3000000	3000000	79	26.3333	0	0.9919	very_high	4665	13.7488	100	Copia	TGCA	
verbascum_thapsus	770119:1-3000000	3000000	63	21	0	0.9907	very_high	6390	13.0499	100	Gypsy	TGCA	
filipendula_ulmaria	010000612:1-3000000	3000000	62	20.6667	0	0.9964	very_high	8524	17.293	100	Gypsy	TGCA	
salix_viminalis	ENA_OZ287353_:1-3000000	3000000	61	20.3333	0	0.9977	very_high	4978	11.1566	100	Copia	TGCA	
juncus_effusus	010000001:1-3000000	3000000	61	20.3333	0	0.9149	moderate	1335	2.7153	100	Unknown	TGCA	
salix_repens	253379:1-3000000	3000000	53	17.6667	0	0.998	very_high	4928	9.09277	100	Copia	TGCA	
salix_caprea	010000058:1-3000000	3000000	47	15.6667	0	0.9971	very_high	5079	8.71867	100	Copia	TGCA	
potentilla_sterilis	010001671:1-3000000	3000000	46	15.3333	0	0.9956	very_high	7629	14.211	100	Copia	TGCA	
frangula_alnus	066629:1-3000000	3000000	46	15.3333	0	0.99005	very_high	6627	10.2232	100	Gypsy	TGCA	
myriophyllum_alterniflorum	010000002:1-3000000	3000000	45	15	0	0.9845	very_high	9281	14.3371	100	Copia	TGCA	
prunus_avium	278094:1-3000000	3000000	45	15	0	0.9994	very_high	5438	10.2421	100	Copia	TGCA	
salix_arbuscula	010000054:1-3000000	3000000	45	15	0	0.9967	very_high	5050	8.16353	100	Copia	TGCA	
euphorbia_peplus	010000019:1-3000000	3000000	44	14.6667	0	0.99255	very_high	10558.5	12.8533	100	Copia	TGCA	
hypericum_hirsutum	066689:1-3000000	3000000	44	14.6667	0	0.9856	very_high	5607	9.36187	100	Copia	TGCA	
andreaea_rothii	286491:1-3000000	3000000	42	14	0	0.9853	very_high	7681	12.5704	100	Gypsy	TGCA	
verbascum_nigrum	200621:1-3000000	3000000	42	14	0	0.9958	very_high	5438	8.78663	100	Gypsy	TGCA	
nasturtium_officinale	010000003:1-3000000	3000000	42	14	0	0.9978	very_high	5332.5	7.33513	100	Copia	TGCA	
cruciata_laevipes	010000091:1-3000000	3000000	41	13.6667	0	0.995	very_high	11060	11.3993	100	Gypsy	TGCA	
euphrasia_confusa	010001412:1-3000000	3000000	39	13	0	0.9948	very_high	8797	11.6941	100	Copia	TGCA	
brachydontium_trichodes	319801:1-3000000	3000000	39	13	0	0.9861	very_high	8706	11.0086	100	Gypsy	TGCA	
arabidopsis_thaliana	119599:1-3000000	3000000	37	12.3333	0	0.991	very_high	10162	10.4852	100	Unknown	TGCA	
erica_cinerea	010000001:1-3000000	3000000	37	12.3333	0	0.9941	very_high	8285	10.0751	100	Gypsy	TGCA	
fragaria_moschata	076524:1-3000000	3000000	36	12	0	0.99215	very_high	6869	8.75003	100	Gypsy	TGCA	
marsupella_aquatica	316899:1-3000000	3000000	35	11.6667	0	0.9932	very_high	6972	10.7915	100	Gypsy	TGCA	
euonymus_europaeus	010000011:1-3000000	3000000	33	11	0	0.9826	very_high	9082	9.3158	100	Gypsy	TGCA	
teucrium_botrys	010000002:1-3000000	3000000	33	11	0	0.9993	very_high	7799	8.67013	100	Gypsy	TGCA	
barbarea_vulgaris	763891:1-3000000	3000000	32	10.6667	0	0.99565	very_high	6167	6.64923	100	Copia	TGCA	
andreaea_hookeri	246427:1-3000000	3000000	31	10.3333	0	0.9981	very_high	9743	9.3636	100	Gypsy	TGCA	
andreaea_frigida	286597:1-3000000	3000000	31	10.3333	0	0.9905	very_high	7677	9.10063	100	Gypsy	TGCA	
argentina_anserina	176987:1-3000000	3000000	31	10.3333	1	0.9927	very_high	6135	7.02413	100	Copia	TGCA	1 warned elements
mercurialis_annua	020000078:1-3000000	3000000	30	10	0	0.9982	very_high	8801.5	8.39437	100	Gypsy	TGCA	
polygala_serpyllifolia	281940:1-3000000	3000000	29	9.66667	0	0.9963	very_high	9669	9.06747	100	Copia	TGCA	
fragaria_vesca	071058:1-3000000	3000000	29	9.66667	0	0.9827	very_high	6839	7.5361	100	Copia	TGCA	
aquilegia_vulgaris	198195:1-3000000	3000000	29	9.66667	0	0.99	very_high	5055	5.38767	100	Copia	TGCA	
rubus_idaeus	010000003:1-3000000	3000000	28	9.33333	0	0.996	very_high	7148.5	7.78813	100	Copia	TGCA	
epilobium_hirsutum	010000005:1-3000000	3000000	27	9	0	0.9969	very_high	10617	9.79963	100	Gypsy	TGCA	
tetraplodon_mnioides	ENA_OZ319854_:1-3000000	3000000	27	9	0	0.999	very_high	11278	8.5058	100	Gypsy	TGCA	
distichium_capillaceum	318501:1-3000000	3000000	27	9	0	0.9927	very_high	5753	5.54077	100	Gypsy	TGCA	
lathyrus_aphaca	010000016:1-3000000	3000000	26	8.66667	0	0.9956	very_high	17379.5	14.2094	100	Gypsy	TGCA	
dryas_octopetala	010003794:1-3000000	3000000	26	8.66667	1	0.9956	very_high	9226	8.21383	96.1538	Gypsy	TGCA	1 warned elements
carex_extensa	205469:1-3000000	3000000	26	8.66667	0	0.9941	very_high	4714	3.52743	100	Copia	TGCA	
astragalus_glycyphyllos	010000119:1-3000000	3000000	25	8.33333	0	0.9906	very_high	8378	7.84857	100	Gypsy	TGCA	
lemna_minuta	204780:1-3000000	3000000	25	8.33333	0	0.9869	very_high	5432	5.77623	100	Copia	TGCA	
scapania_gracilis	ENA_OZ319562_:1-3000000	3000000	24	8	0	0.99135	very_high	12220.5	9.08763	100	Gypsy	TGCA	
juncus_inflexus	010000022:1-3000000	3000000	24	8	0	0.99385	very_high	9279.5	8.1488	100	Gypsy	TGCA	
cynodontium_bruntonii	313774:1-3000000	3000000	24	8	0	0.9963	very_high	7847	7.7575	100	Gypsy	TGCA	
scirpus_sylvaticus	020000014:1-3000000	3000000	24	8	0	0.9786	high	4795.5	4.4689	100	Copia	TGCA	
kiaeria_blyttii	319071:1-3000000	3000000	23	7.66667	1	0.9983	very_high	7825	6.02747	95.6522	Gypsy	TGCA	1 warned elements
scutellaria_galericulata	ENA_OX335789_:1-3000000	3000000	22	7.33333	1	0.97545	high	6120.5	5.20283	100	Copia	TGCA	1 warned elements
campylopus_introflexus	319055:1-3000000	3000000	21	7	0	0.9983	very_high	11384	7.53143	100	Gypsy	TGCA	
orthotrichum_anomalum	316880:1-3000000	3000000	21	7	0	0.9948	very_high	5583	5.3238	100	Gypsy	TGCA	
didymodon_rigidulus	318375:1-3000000	3000000	20	6.66667	0	0.99095	very_high	6494.5	4.9233	100	Gypsy	TGCA	
andreaea_nivalis	281315:1-3000000	3000000	18	6	0	0.99895	very_high	12293	7.4203	100	Gypsy	TGCA	
epilobium_ciliatum	281294:1-3000000	3000000	18	6	0	0.9919	very_high	7971	4.94463	100	Gypsy	TGCA	
rhabdoweisia_crispata	318236:1-3000000	3000000	18	6	0	0.9949	very_high	6438.5	4.49513	100	Gypsy	TGCA	
splachnum_sphaericum	318846:1-3000000	3000000	17	5.66667	0	0.9979	very_high	12662	6.35777	100	Gypsy	TGCA	
lewinskya_affinis	344960:1-3000000	3000000	17	5.66667	0	0.9821	very_high	8686	4.237	100	Gypsy	TGCA	
carex_hirta	217864:1-3000000	3000000	17	5.66667	0	0.9961	very_high	5491	3.6267	100	Copia	TGCA	
potamogeton_trichoides	010000008:1-3000000	3000000	17	5.66667	0	0.9844	very_high	5168	3.52697	100	Copia	TGCA	
potamogeton_compressus	010000006:1-3000000	3000000	17	5.66667	0	0.99	very_high	4887	2.81747	100	Copia	TGCA	
marchantia_polymorpha	285559:1-3000000	3000000	16	5.33333	0	0.99565	very_high	9174	5.3636	100	Gypsy	TGCA	
andreaea_mutabilis	ENA_OZ286213_:1-3000000	3000000	16	5.33333	0	0.9876	very_high	7650.5	4.06547	100	Gypsy	TGCA	
juncus_squarrosus	243995:1-3000000	3000000	16	5.33333	0	0.9902	very_high	5945	3.6391	100	Copia	TGCA	
spergula_arvensis	240757:1-3000000	3000000	16	5.33333	0	0.9945	very_high	5440	2.82303	100	Copia	TGCA	
pohlia_annotina	350276:1-3000000	3000000	15	5	0	0.9915	very_high	8089	4.43737	100	Gypsy	TGCA	
hedwigia_stellata	284930:1-3000000	3000000	15	5	0	0.9963	very_high	8039	4.04383	100	Gypsy	TGCA	
verbena_officinalis	292391:1-3000000	3000000	15	5	0	0.9956	very_high	8809	3.94353	100	Gypsy	TGCA	
scapania_compacta	318153:1-3000000	3000000	15	5	0	0.9748	high	6113	3.47933	100	Copia	TGCA	
trichophorum_cespitosum	020000084:1-3000000	3000000	14	4.66667	0	0.99185	very_high	7480.5	4.48753	100	Copia	TGCA	
urtica_urens	010006584:1-3000000	3000000	14	4.66667	0	0.9928	very_high	9718.5	3.73	100	Copia	TGCA	
aulacomnium_androgynum	318487:1-3000000	3000000	14	4.66667	0	0.9955	very_high	6802	3.4176	100	Gypsy	TGCA	
campylopus_flexuosus	335350:1-3000000	3000000	13	4.33333	0	0.9974	very_high	12936	5.51953	100	Gypsy	TGCA	
amphidium_lapponicum	310450:1-3000000	3000000	13	4.33333	0	0.9869	very_high	5635	2.9495	100	Copia	TGTA	
lepidium_didymum	986995:1-3000000	3000000	13	4.33333	0	0.9811	very_high	4918	2.3066	100	Copia	TGCA	
dilutineuron_fasciculare	351296:1-3000000	3000000	12	4	0	0.99955	very_high	6258.5	3.38943	100	Gypsy	TGCA	
zygodon_viridissimus	317095:1-3000000	3000000	12	4	0	0.9898	very_high	8574	3.35353	100	Gypsy	TGCA	
vinealobryum_insulanum	319466:1-3000000	3000000	12	4	0	0.9973	very_high	6094	3.06803	100	Gypsy	TGCA	
cratoneuron_filicinum	203573:1-3000000	3000000	12	4	0	0.9877	very_high	6868.5	2.83993	100	Gypsy	TGCA	
schistidium_strictum	350012:1-3000000	3000000	12	4	0	1	very_high	5273	2.36957	100	Copia	TGCA	
potamogeton_pusillus	010000008:1-3000000	3000000	12	4	0	0.998	very_high	4793	1.86453	100	Copia	TGCA	
rhynchostegiella_tenella	203584:1-3000000	3000000	11	3.66667	0	0.9644	high	6051	2.31757	100	Gypsy	TGCA	
fissidens_taxifolius	320702:1-3000000	3000000	10	3.33333	0	0.99825	very_high	9244	3.26727	100	Gypsy	TGCA	
pseudoscleropodium_purum	017801:1-3000000	3000000	10	3.33333	0	0.97995	high	6049	2.3873	100	Copia	TGCA	
grimmia_funalis	337431:1-3000000	3000000	10	3.33333	0	0.9973	very_high	5809	2.2101	100	Copia	TGCA	
lewinskya_rupestris	ENA_OZ335341_:1-3000000	3000000	10	3.33333	0	0.99115	very_high	5563.5	2.1257	100	Copia	TGTA	
potamogeton_epihydrus	321358:1-3000000	3000000	10	3.33333	0	0.98765	very_high	4968	1.96527	100	Copia	TGCA	
cyperus_fuscus	020000065:1-3000000	3000000	10	3.33333	0	0.99225	very_high	4932.5	1.82097	100	Copia	TGCA	
galeopsis_tetrahit	010000024:1-3000000	3000000	9	3	0	0.9961	very_high	13067	3.44263	100	Copia	TGCA	
flexitrichum_gracile	319605:1-3000000	3000000	9	3	0	0.9947	very_high	5597	2.55613	100	Copia	TGCA	
amphidium_mougeotii	319517:1-3000000	3000000	9	3	0	0.9975	very_high	5702	2.5126	100	Copia	TGTA	
flexitrichum_flexicaule	317084:1-3000000	3000000	9	3	0	0.9946	very_high	6720	2.44523	100	Gypsy	TGCA	
euphorbia_lathyris	010000021:1-3000000	3000000	9	3	0	0.9826	very_high	5494	2.11423	100	Gypsy	TGCA	
orthotrichum_pulchellum	344948:1-3000000	3000000	9	3	0	0.9789	high	5278	1.9345	100	Copia	TGTA	
straminergon_stramineum	987265:1-3000000	3000000	9	3	0	1	very_high	5548	1.90277	100	Copia	TGTA	
descurainia_sophia	010000011:1-3000000	3000000	9	3	0	0.9968	very_high	5042	1.22693	100	Copia	TGCA	
chenopodium_album	010000117:1-3000000	3000000	8	2.66667	0	1	very_high	5335.5	1.7992	100	Copia	TGCA	
atractylocarpus_subporodictyon	320618:1-3000000	3000000	8	2.66667	0	0.99705	very_high	5518	1.7683	100	Copia	TGTA	
pseudopediastrum_boryanum	744500:1-3000000	3000000	8	2.66667	0	0.9982	very_high	6309	1.64053	100	Gypsy	TGCA	
carex_laevigata	010000150:1-3000000	3000000	8	2.66667	0	0.9941	very_high	5639.5	1.6118	100	Copia	TGCA	
fissidens_dubius	335676:1-3000000	3000000	7	2.33333	0	0.9993	very_high	14326	3.21037	100	Gypsy	TGCA	
cornus_suecica	010000017:1-3000000	3000000	7	2.33333	0	0.9983	very_high	12224	2.16013	100	Gypsy	TGCA	
medicago_lupulina	010000001:1-3000000	3000000	7	2.33333	0	0.9995	very_high	8869	2.06173	100	Gypsy	TGCA	
orthothecium_rufescens	219098:1-3000000	3000000	7	2.33333	0	0.9964	very_high	6599	1.97673	100	Gypsy	TGCA	
anoectangium_aestivum	362444:1-3000000	3000000	7	2.33333	0	0.984	very_high	7852	1.74183	100	Unknown	TGCA	
pterigynandrum_filiforme	256154:1-3000000	3000000	7	2.33333	0	0.9961	very_high	7529	1.65423	100	Copia	TGTA	
pulvigera_lyellii	350100:1-3000000	3000000	7	2.33333	0	0.9862	very_high	5915	1.4405	100	Gypsy	TGCA	
rhynchostegium_megapolitanum	207751:1-3000000	3000000	7	2.33333	0	0.9805	very_high	5255	1.1902	100	Copia	TGTA	
pseudognaphalium_luteoalbum	010000015:1-3000000	3000000	6	2	0	0.9927	very_high	12421	2.32253	100	Copia	TGCA	
schoenoplectus_triqueter	010002144:1-3000000	3000000	6	2	0	0.99775	very_high	5723	2.2346	100	Gypsy	TGCA	
dicranoweisia_cirrata	320671:1-3000000	3000000	6	2	0	0.9994	very_high	11105	2.0538	100	Gypsy	TGCA	
tortella_tortuosa	317107:1-3000000	3000000	6	2	0	0.99885	very_high	10366.5	2.0499	100	Gypsy	TGCA	
trichostomum_littorale	ENA_OZ350115_:1-3000000	3000000	6	2	0	0.9998	very_high	9312.5	1.85377	100	Copia	TGCA	
dunaliella_primolecta	020000262:1-3000000	3000000	6	2	0	0.98865	very_high	6997	1.433	100	Gypsy	TGCA	
ptychomitrium_polyphyllum	316782:1-3000000	3000000	6	2	0	0.9906	very_high	5789.5	1.1578	100	Gypsy	TGCA	
stereodon_callichrous	010000014:1-3000000	3000000	6	2	0	0.9881	very_high	9964	1.0516	100	Copia	TGCA	
cardamine_hirsuta	156423:1-3000000	3000000	6	2	0	0.98365	very_high	5261	0.998967	100	Copia	TGCA	
trebouxia_sp_sl0000017	010000020:1-3000000	3000000	5	1.66667	0	0.9923	very_high	4810	0.752133	100	Copia	TGCA	
trifolium_dubium	010000406:1-3000000	3000000	4	1.33333	0	0.99665	very_high	7841	1.00073	100	Copia	TGCA	
bromus_sterilis	010000045:1-3000000	3000000	4	1.33333	0	0.9931	very_high	6137	0.817767	100	Unknown	TGCA	
braunia_imberbis	337383:1-3000000	3000000	4	1.33333	0	0.98275	very_high	5908.5	0.787267	100	Gypsy	TGCA	
plenogemma_phyllantha	ENA_OZ320627_:1-3000000	3000000	4	1.33333	0	0.98765	very_high	5451.5	0.726567	100	Copia	TGTA	
ulota_crispa	987243:1-3000000	3000000	4	1.33333	0	0.9762	high	5394.5	0.606367	100	Copia	TGTA	
pseudotaxiphyllum_elegans	251099:1-3000000	3000000	3	1	0	0.9922	very_high	6734	0.697833	100	Gypsy	TGCA	
draba_incana	010001085:1-3000000	3000000	3	1	0	0.997	very_high	5956	0.560967	100	Copia	TACA	
gnaphalium_uliginosum	010000153:1-3000000	3000000	2	0.666667	0	0.994	very_high	12348.5	0.792567	100	Copia	TGCA	
viola_stagnina	010000017:1-3000000	3000000	2	0.666667	0	0.98025	very_high	9132.5	0.608833	100	Copia	TGCA	
hylocomiadelphus_triquetrus	010001626:1-3000000	3000000	2	0.666667	0	0.9991	very_high	16025	0.5342	100	Gypsy	TACA	
luzula_pallescens	010000543:1-3000000	3000000	2	0.666667	0	0.98745	very_high	11704	0.5216	100	Unknown	TGCA	
carex_depauperata	010000302:1-3000000	3000000	2	0.666667	0	0.98345	very_high	6392	0.426133	100	Gypsy	TGCA	
pycnococcus_provasolii	010000092:1-3000000	3000000	2	0.666667	0	1	very_high	5102.5	0.340167	100	Copia	TGTA	
spergularia_marina	010000030:1-3000000	3000000	1	0.333333	0	0.985	very_high	10928	0.364267	100	Gypsy	TGCA	
salicornia_ramosissima	010000045:1-3000000	3000000	1	0.333333	0	0.9855	very_high	10045	0.334833	100	Copia	TGCA	
grimmia_decipiens	010000179:1-3000000	3000000	1	0.333333	0	0.9959	very_high	9746	0.324867	100	Gypsy	TGCA	
carex_pendula	010000019:1-3000000	3000000	1	0.333333	0	0.9964	very_high	9407	0.313567	100	Gypsy	TGCA	
cardamine_flexuosa	010000144:1-3000000	3000000	1	0.333333	0	0.9505	high	6100	0.203333	100	Copia	TGCA	
radula_complanata	010000508:1-3000000	3000000	1	0.333333	0	0.9548	high	5217	0.1739	100	Copia	TGCA	
spergularia_bocconei	010000029:1-3000000	3000000	1	0.333333	0	0.976	high	4767	0.1589	100	Copia	TGTA	
marvania_coccoides	010000023:1-3000000	3000000	1	0.333333	0	1	very_high	3325	0.110833	100	Gypsy	TGCA	
grimmia_pulvinata	NA:1-3000000	3000000	0	0	0		NA		0	0	NA	NA	no repeat_region features; primary scaffold unavailable; no intact elements
senecio_squalidus	NA:1-3000000	3000000	0	0	0		NA		0	0	NA	NA	no repeat_region features; primary scaffold unavailable; no intact elements
